event_id,label
id_j7b6sokflo4k,5.58132e-06
id_6x9vvppgp5l3,1.0
id_9c77iy8olxfe,0.88148415
id_iyay05bn5zwk,0.87831384
id_ukly29b2hds3,0.6577093
id_fi3md8cxzmp3,0.25632647
id_7fj6qgbsdlr7,0.0072899056
id_49o19mx5bbhc,0.999998
id_aupns61r0a3l,0.06864925
id_j7moaw4bpjkp,0.75870806
id_4yxz8bbobszf,0.00062033604
id_3f33h3wta3on,0.99999315
id_1kctttnnhvjx,0.0013881868
id_xha0cn6c7www,7.1688823e-06
id_8n80txb7wwsb,0.9827112
id_f8pw6e0tebe5,0.97478026
id_828flh0p0skc,9.805105e-08
id_heri806er7xw,0.9999998
id_9frk4cfzrcmy,8.803375e-06
id_5sq85iwd29vq,0.9999999
id_sfedhmsqwbu4,0.999997
id_e2s7du67vt7q,0.8878262
id_i81dq2kek3w9,0.0038233085
id_oyx5k58jxhx5,0.44888684
id_uemzarlgha1y,0.025298374
id_qo5uizgd5cst,0.42984825
id_vc8ej5ytllya,0.00019561165
id_lb9fhnnp0ock,0.99998087
id_povugysgnsfn,0.013912436
id_0mdchsqsdw17,0.7287295
id_073l04ir88sn,0.0041670357
id_unblsji7af6n,0.0064416383
id_0nu2nus290am,0.00351168
id_pk95ni8fdeaq,0.00056029717
id_jy3k7qcbz6oh,0.3682894
id_dm4nb6pflahc,0.7000027
id_xk3049ov4j0u,1.0
id_ykzv6lzay9hf,0.00083856325
id_vdzsn80c9e7r,0.0069890195
id_yfll8zp8qrvg,0.9999997
id_iko7l9oi4lx9,1.0
id_59uqistnu2di,1.4116175e-07
id_rhg5w8vmv3ny,0.039919645
id_g1tlrzptebsd,0.99896795
id_n07bvjlz6ekg,0.00012473873
id_p911t96j9ci7,0.9999965
id_jnyqjcyqt1oc,0.00018296647
id_dgr5btgft24y,0.0012336182
id_2uyqsuz0anf7,0.9965509
id_aaf6d4a9hwq6,5.6468803e-09
id_h4hkhfp6ilg3,1.2167725e-06
id_k6e1ju2r8at5,0.29621622
id_66akbt5q6bks,1.9247655e-06
id_r6dxxtkzxqmt,0.07875076
id_m5wawccfyrn7,0.32266292
id_nmyx181qwsk3,0.51993364
id_o9iht471yl90,0.90264714
id_flkg8jcrzmrp,0.27062145
id_3ntxqfjssoln,0.69125396
id_bjtr1ysdljy0,1.0
id_c82yifu80egv,0.9995838
id_u5e7kr73e7k1,6.8403097e-07
id_9fxv22nq4ul9,5.449391e-10
id_qgcksf3v8071,0.05112809
id_mfrl3o7ssxkq,0.9999961
id_z9ubchf4yqks,0.427569
id_61fh1d5zbsdr,0.0074780183
id_u8rv9fdkiva1,1.0003521e-09
id_v3p5c14fmslf,0.35967988
id_1a70zs9bv6wk,0.16950497
id_5i6fbm6h7y4e,0.035931896
id_m3m61p7nqi4b,0.00012633271
id_sww2v8tfqkrn,1.5784082e-05
id_wmkfqw7iwjmu,1.0
id_iayct5lk9bl8,0.99998295
id_irft382nqvp0,0.87148905
id_qb7bq1q132px,0.19767141
id_23jayrwo1lpw,1.330918e-05
id_f5e7zme7gqnb,1.0
id_1uehxi92ddcj,0.998111
id_g0ydhtmd4ogx,0.42247346
id_neahwa8vttvu,0.5756142
id_0ajr0br1b046,0.00013850308
id_hr0t8j7yl3tq,0.1608477
id_gt66wk2twhn3,2.5050872e-07
id_t437fhetcaf4,0.82867676
id_zibfeb9w8fl5,4.2665576e-07
id_i9eb8643vaqq,0.0020837667
id_rztj5wuvkne9,0.9973864
id_jn6qrjt3zxlh,0.9994945
id_stkvzvg77on0,1.0678924e-08
id_evzyjyluumjf,1.0
id_m47hv1ozxhdm,0.99994975
id_d8a89i23tll3,0.9999999
id_p3hhajpcdv09,0.10715191
id_zgckftx7lo64,0.9999995
id_4e2iscrtbn5p,0.00037274483
id_da931pwqkw62,0.9999813
id_bzb2jc3bd6d3,0.0004411709
id_ja1tvofxh403,0.97238714
id_ornufdngyetv,0.99946547
id_omhl52u0te84,0.99998534
id_57cnhhuvhsxb,0.56396127
id_oud1p540x3pe,0.9833577
id_rua8ey2jczl0,0.9999436
id_595gz650j6u8,1.0
id_qg3xwgh1lfdd,0.9910975
id_209nhg5bat88,1.0
id_d1e8mo3fged8,0.062183782
id_64m6gxox3122,1.0
id_160vlds1ik6e,0.9999969
id_win8pl1p4txs,0.99999
id_z50c06hxk9iw,0.939826
id_mqnst0axdrem,8.598504e-06
id_im1iikpf15sb,0.99999756
id_2ta0ngfqse0i,0.99999994
id_yyiji90knmly,0.024298605
id_r72wx12m6nvw,0.002649193
id_066zz28m11mr,0.9995865
id_8xps0ers8ckh,0.99999744
id_ehkod3lusaax,0.9999995
id_llhg7erpg2sq,0.9999997
id_ufvgji3dajvl,1.0
id_beqwxyk7aehr,8.9059895e-06
id_12qnmvuyx3sw,0.006015237
id_pgb4n8yaah46,0.3980671
id_w16fgt9eqqor,0.0718623
id_sl4cjt5wnh8h,8.496539e-06
id_aesdjlnzvfvk,0.23644313
id_df5nuc4bav7f,1.0
id_dppgw8jgx0bu,0.98963773
id_emu3cmnnnb8q,0.37318724
id_3j60w0fn8gu7,0.009892089
id_s9anb6b00ndx,1.0
id_9h29r2dp7oaj,0.69900393
id_fb7q150qzbiy,0.9985185
id_u71oddcl9lqg,1.0
id_x0ide2wx2mug,1.0
id_idymlwtus7ee,0.9999879
id_4ggso69603fz,0.9998621
id_nzvquvtxdpeq,0.0007493686
id_xt1lkqap5dww,0.5015223
id_fah95yzf4v7j,0.00031694205
id_2fm0hnopz5pt,0.99300885
id_n1e955m5lwl7,0.55729294
id_o85u7egx9f8z,0.06490241
id_fjoq4prugvhi,0.95854515
id_6ty7rs1uhne2,0.805302
id_9vkxq8s1dy69,0.011046445
id_pmp15g6d4o9t,1.0
id_sjwc39mg8fc7,0.00011353279
id_nciy49yoog8y,0.027241528
id_vr7gdos782t3,1.5724801e-06
id_rn17f67lqdah,0.007068847
id_u9j8mbrmbuad,0.9999289
id_8nfpyuojh3rw,0.00023403406
id_wu6w218uf8g4,0.016413275
id_fldbkaenndzx,0.5637584
id_on5xrt29nf8s,3.9657775e-09
id_oetnu03ayfpa,1.0
id_p9zit3u5gjvp,0.80017877
id_za4tcpqzcole,0.9998527
id_w2i50c841rh6,1.0
id_pcizr9bde84k,0.9999995
id_25g7318ll50k,0.0032459048
id_pw0egkdfuc6p,0.0024450389
id_7b31jh71lh5p,1.0
id_23ojohzmtw8b,0.99996173
id_ttfnui9tlvza,0.9997245
id_9iw0j6rtrwak,0.9999531
id_5dhl5ecvc4ih,2.0163146e-05
id_565bw37ftw77,0.8719108
id_5o3vhp1leg6b,0.6049944
id_a3o1ekyfrv9d,4.9417145e-06
id_vxfvxd5jgom0,0.010522019
id_4haljvw31oey,0.9634288
id_2yzd5nyui4p9,0.99720234
id_yucmw8wa1hqc,0.9991557
id_zdx2jxp27hbl,0.9999976
id_cd476i4m312b,0.102155074
id_u34awuch63c7,0.00039173863
id_xkqf2cgodbus,0.01081878
id_zk50aeed9xce,0.9984074
id_dtx31zkwmhnu,0.89086014
id_b0fzfjf2g3ub,0.014013748
id_dlzd2p0wpax2,0.99840987
id_lsxjhc0ekde6,0.55297565
id_2rsrcpc1c7xu,0.9993649
id_37yqd5xa8cfg,0.6408406
id_5st7z9cvgjg2,0.9999767
id_z0rma0gvhn72,0.99999994
id_5i0a98235g58,1.7493177e-05
id_26sx9dioictn,0.9934733
id_sq1ap8nxquug,0.9996817
id_64vhfc34ukkr,0.99999726
id_blp9kyvivem1,0.00046509117
id_stvyr8wpuufc,0.9879491
id_3mdjzonpzj5i,0.9281651
id_po8y84b1r1ur,1.1083809e-05
id_70gtjom3eop1,0.4969924
id_5yd4z4ib8ah1,1.0807773e-05
id_v09vdz8maqmm,0.0011990834
id_pda6diszbjj2,0.99766195
id_2ln67ah0q07k,1.2322103e-06
id_zl678jv8h8u7,0.029526874
id_6rxv76u1p0ln,0.9999753
id_6fouj0bpt0bj,0.03527594
id_xv149nnt9z95,2.618111e-06
id_5med9l4qbpck,4.4209132e-06
id_l5rcsie7mnzf,7.9635215e-11
id_66mtzrw016r2,0.31535187
id_ffijpdjxnjb1,0.999977
id_zqbp3wopp7eb,0.00442445
id_7zwhjmk45mmi,0.26016504
id_4n9jfk1yg0jn,7.1060285e-06
id_vtqw9kjfkbyp,5.4102696e-08
id_np52z8av46hx,0.65443015
id_l3qgyryfqo94,7.130033e-05
id_q7ini431zryo,0.44153288
id_gcuvzhefx7o9,0.00464541
id_2lz2l0xhsra3,0.99999994
id_sdn3d33nboc8,0.0003864311
id_vz3hcpih783w,7.305912e-06
id_u7z6uy4xdc9w,1.0
